timeStamp;elapsed;label;responseCode;threadName;success;bytes;grpThreads;allThreads;Latency;SampleCount;ErrorCount;Hostname
22:48:37;105;HTTP Request;200;Thread Group 1-1;true;6391;1;1;105;1;0;ubuntu
22:48:37;41;HTTP Request;200;Thread Group 1-1;true;183387;2;2;24;1;0;ubuntu
22:48:37;6;HTTP Request;200;Thread Group 1-1;true;6746;2;2;2;1;0;ubuntu
22:48:37;3;HTTP Request;200;Thread Group 1-1;true;3382;2;2;3;1;0;ubuntu
22:48:37;5;HTTP Request;200;Thread Group 1-1;true;734;2;2;5;1;0;ubuntu
22:48:37;3;HTTP Request;200;Thread Group 1-1;true;3049;2;2;3;1;0;ubuntu
22:48:37;43;HTTP Request;200;Thread Group 1-2;true;6391;2;2;43;1;0;ubuntu
22:48:37;11;HTTP Request;200;Thread Group 1-2;true;183387;2;2;3;1;0;ubuntu
22:48:38;1;HTTP Request;200;Thread Group 1-2;true;6746;2;2;1;1;0;ubuntu
22:48:38;5;HTTP Request;200;Thread Group 1-2;true;3382;2;2;5;1;0;ubuntu
22:48:38;2;HTTP Request;200;Thread Group 1-2;true;734;2;2;2;1;0;ubuntu
22:48:38;1;HTTP Request;200;Thread Group 1-2;true;3049;2;2;1;1;0;ubuntu
22:48:38;38;HTTP Request;200;Thread Group 1-3;true;6391;3;3;38;1;0;ubuntu
22:48:38;15;HTTP Request;200;Thread Group 1-3;true;183387;3;3;3;1;0;ubuntu
22:48:38;4;HTTP Request;200;Thread Group 1-3;true;6746;3;3;4;1;0;ubuntu
22:48:38;2;HTTP Request;200;Thread Group 1-3;true;3382;3;3;2;1;0;ubuntu
22:48:38;7;HTTP Request;200;Thread Group 1-3;true;734;3;3;7;1;0;ubuntu
22:48:38;2;HTTP Request;200;Thread Group 1-3;true;3049;3;3;2;1;0;ubuntu
22:48:39;40;HTTP Request;200;Thread Group 1-4;true;6391;4;4;40;1;0;ubuntu
22:48:39;3;HTTP Request;200;Thread Group 1-4;true;183387;4;4;2;1;0;ubuntu
22:48:39;1;HTTP Request;200;Thread Group 1-4;true;6746;4;4;1;1;0;ubuntu
22:48:39;1;HTTP Request;200;Thread Group 1-4;true;3382;4;4;1;1;0;ubuntu
22:48:39;4;HTTP Request;200;Thread Group 1-4;true;734;4;4;4;1;0;ubuntu
22:48:39;0;HTTP Request;200;Thread Group 1-4;true;3049;4;4;0;1;0;ubuntu
22:48:39;36;HTTP Request;200;Thread Group 1-5;true;6391;5;5;36;1;0;ubuntu
22:48:39;4;HTTP Request;200;Thread Group 1-5;true;183387;5;5;1;1;0;ubuntu
22:48:39;2;HTTP Request;200;Thread Group 1-5;true;6746;5;5;2;1;0;ubuntu
22:48:39;3;HTTP Request;200;Thread Group 1-5;true;3382;5;5;3;1;0;ubuntu
22:48:39;1;HTTP Request;200;Thread Group 1-5;true;734;5;5;1;1;0;ubuntu
22:48:39;4;HTTP Request;200;Thread Group 1-5;true;3049;5;5;4;1;0;ubuntu
22:48:40;40;HTTP Request;200;Thread Group 1-6;true;6391;6;6;40;1;0;ubuntu
22:48:40;3;HTTP Request;200;Thread Group 1-6;true;183387;6;6;1;1;0;ubuntu
22:48:40;1;HTTP Request;200;Thread Group 1-6;true;6746;6;6;1;1;0;ubuntu
22:48:40;3;HTTP Request;200;Thread Group 1-6;true;3382;6;6;3;1;0;ubuntu
22:48:40;3;HTTP Request;200;Thread Group 1-6;true;734;6;6;3;1;0;ubuntu
22:48:40;4;HTTP Request;200;Thread Group 1-6;true;3049;6;6;4;1;0;ubuntu
22:48:40;39;HTTP Request;200;Thread Group 1-7;true;6391;7;7;39;1;0;ubuntu
22:48:40;8;HTTP Request;200;Thread Group 1-7;true;183387;7;7;3;1;0;ubuntu
22:48:40;3;HTTP Request;200;Thread Group 1-7;true;6746;7;7;3;1;0;ubuntu
22:48:40;2;HTTP Request;200;Thread Group 1-7;true;3382;7;7;2;1;0;ubuntu
22:48:40;1;HTTP Request;200;Thread Group 1-7;true;734;7;7;1;1;0;ubuntu
22:48:40;3;HTTP Request;200;Thread Group 1-7;true;3049;7;7;3;1;0;ubuntu
22:48:41;39;HTTP Request;200;Thread Group 1-8;true;6391;8;8;39;1;0;ubuntu
22:48:41;5;HTTP Request;200;Thread Group 1-8;true;183387;8;8;2;1;0;ubuntu
22:48:41;1;HTTP Request;200;Thread Group 1-8;true;6746;8;8;1;1;0;ubuntu
22:48:41;2;HTTP Request;200;Thread Group 1-8;true;3382;8;8;2;1;0;ubuntu
22:48:41;2;HTTP Request;200;Thread Group 1-8;true;734;8;8;2;1;0;ubuntu
22:48:41;2;HTTP Request;200;Thread Group 1-8;true;3049;8;8;2;1;0;ubuntu
22:48:42;54;HTTP Request;200;Thread Group 1-9;true;6391;9;9;54;1;0;ubuntu
22:48:42;11;HTTP Request;200;Thread Group 1-9;true;183387;9;9;3;1;0;ubuntu
22:48:42;3;HTTP Request;200;Thread Group 1-9;true;6746;9;9;3;1;0;ubuntu
22:48:42;3;HTTP Request;200;Thread Group 1-9;true;3382;9;9;3;1;0;ubuntu
22:48:42;1;HTTP Request;200;Thread Group 1-9;true;734;9;9;1;1;0;ubuntu
22:48:42;1;HTTP Request;200;Thread Group 1-9;true;3049;9;9;1;1;0;ubuntu
22:48:42;38;HTTP Request;200;Thread Group 1-10;true;6391;10;10;38;1;0;ubuntu
22:48:42;3;HTTP Request;200;Thread Group 1-10;true;183387;10;10;1;1;0;ubuntu
22:48:42;0;HTTP Request;200;Thread Group 1-10;true;6746;10;10;0;1;0;ubuntu
22:48:42;1;HTTP Request;200;Thread Group 1-10;true;3382;10;10;1;1;0;ubuntu
22:48:42;1;HTTP Request;200;Thread Group 1-10;true;734;10;10;1;1;0;ubuntu
22:48:42;3;HTTP Request;200;Thread Group 1-10;true;3049;10;10;3;1;0;ubuntu
22:48:43;40;HTTP Request;200;Thread Group 1-11;true;6391;11;11;40;1;0;ubuntu
22:48:43;5;HTTP Request;200;Thread Group 1-11;true;183387;11;11;2;1;0;ubuntu
22:48:43;4;HTTP Request;200;Thread Group 1-11;true;6746;11;11;4;1;0;ubuntu
22:48:43;2;HTTP Request;200;Thread Group 1-11;true;3382;11;11;2;1;0;ubuntu
22:48:43;2;HTTP Request;200;Thread Group 1-11;true;734;11;11;2;1;0;ubuntu
22:48:43;1;HTTP Request;200;Thread Group 1-11;true;3049;11;11;1;1;0;ubuntu
22:48:43;38;HTTP Request;200;Thread Group 1-12;true;6391;12;12;38;1;0;ubuntu
22:48:43;3;HTTP Request;200;Thread Group 1-12;true;183387;12;12;2;1;0;ubuntu
22:48:44;1;HTTP Request;200;Thread Group 1-12;true;6746;12;12;1;1;0;ubuntu
22:48:44;1;HTTP Request;200;Thread Group 1-12;true;3382;12;12;1;1;0;ubuntu
22:48:44;1;HTTP Request;200;Thread Group 1-12;true;734;12;12;1;1;0;ubuntu
22:48:44;1;HTTP Request;200;Thread Group 1-12;true;3049;12;12;1;1;0;ubuntu
22:48:44;34;HTTP Request;200;Thread Group 1-13;true;6391;13;13;34;1;0;ubuntu
22:48:44;7;HTTP Request;200;Thread Group 1-13;true;183387;13;13;1;1;0;ubuntu
22:48:44;2;HTTP Request;200;Thread Group 1-13;true;6746;13;13;2;1;0;ubuntu
22:48:44;2;HTTP Request;200;Thread Group 1-13;true;3382;13;13;2;1;0;ubuntu
22:48:44;6;HTTP Request;200;Thread Group 1-13;true;734;13;13;6;1;0;ubuntu
22:48:44;1;HTTP Request;200;Thread Group 1-13;true;3049;13;13;1;1;0;ubuntu
22:48:45;39;HTTP Request;200;Thread Group 1-14;true;6391;14;14;38;1;0;ubuntu
22:48:45;7;HTTP Request;200;Thread Group 1-14;true;183387;14;14;6;1;0;ubuntu
22:48:45;2;HTTP Request;200;Thread Group 1-14;true;6746;14;14;2;1;0;ubuntu
22:48:45;1;HTTP Request;200;Thread Group 1-14;true;3382;14;14;1;1;0;ubuntu
22:48:45;1;HTTP Request;200;Thread Group 1-14;true;734;14;14;1;1;0;ubuntu
22:48:45;1;HTTP Request;200;Thread Group 1-14;true;3049;14;14;1;1;0;ubuntu
22:48:45;68;HTTP Request;200;Thread Group 1-15;true;6391;15;15;68;1;0;ubuntu
22:48:45;8;HTTP Request;200;Thread Group 1-15;true;183387;15;15;1;1;0;ubuntu
22:48:45;1;HTTP Request;200;Thread Group 1-15;true;6746;15;15;1;1;0;ubuntu
22:48:45;1;HTTP Request;200;Thread Group 1-15;true;3382;15;15;1;1;0;ubuntu
22:48:45;2;HTTP Request;200;Thread Group 1-15;true;734;15;15;2;1;0;ubuntu
22:48:45;2;HTTP Request;200;Thread Group 1-15;true;3049;15;15;1;1;0;ubuntu
22:48:46;50;HTTP Request;200;Thread Group 1-16;true;6391;16;16;50;1;0;ubuntu
22:48:46;5;HTTP Request;200;Thread Group 1-16;true;183387;16;16;2;1;0;ubuntu
22:48:46;10;HTTP Request;200;Thread Group 1-16;true;6746;16;16;10;1;0;ubuntu
22:48:46;2;HTTP Request;200;Thread Group 1-16;true;3382;16;16;2;1;0;ubuntu
22:48:46;2;HTTP Request;200;Thread Group 1-16;true;734;16;16;2;1;0;ubuntu
22:48:46;1;HTTP Request;200;Thread Group 1-16;true;3049;16;16;1;1;0;ubuntu
22:48:46;52;HTTP Request;200;Thread Group 1-17;true;6391;17;17;52;1;0;ubuntu
22:48:47;12;HTTP Request;200;Thread Group 1-17;true;183387;17;17;6;1;0;ubuntu
22:48:47;2;HTTP Request;200;Thread Group 1-17;true;6746;17;17;2;1;0;ubuntu
22:48:47;1;HTTP Request;200;Thread Group 1-17;true;3382;17;17;1;1;0;ubuntu
22:48:47;2;HTTP Request;200;Thread Group 1-17;true;734;17;17;2;1;0;ubuntu
22:48:47;3;HTTP Request;200;Thread Group 1-17;true;3049;17;17;3;1;0;ubuntu
22:48:47;118;HTTP Request;200;Thread Group 1-18;true;6391;18;18;118;1;0;ubuntu
22:48:47;16;HTTP Request;200;Thread Group 1-18;true;183387;18;18;9;1;0;ubuntu
22:48:47;3;HTTP Request;200;Thread Group 1-18;true;6746;18;18;3;1;0;ubuntu
22:48:47;2;HTTP Request;200;Thread Group 1-18;true;3382;18;18;2;1;0;ubuntu
22:48:47;1;HTTP Request;200;Thread Group 1-18;true;734;18;18;1;1;0;ubuntu
22:48:47;1;HTTP Request;200;Thread Group 1-18;true;3049;18;18;1;1;0;ubuntu
22:48:48;206;HTTP Request;200;Thread Group 1-19;true;6391;19;19;206;1;0;ubuntu
22:48:48;8;HTTP Request;200;Thread Group 1-19;true;183387;19;19;7;1;0;ubuntu
22:48:48;22;HTTP Request;200;Thread Group 1-19;true;6746;19;19;22;1;0;ubuntu
22:48:48;3;HTTP Request;200;Thread Group 1-19;true;3382;19;19;3;1;0;ubuntu
22:48:48;19;HTTP Request;200;Thread Group 1-19;true;734;19;19;19;1;0;ubuntu
22:48:48;6;HTTP Request;200;Thread Group 1-19;true;3049;19;19;6;1;0;ubuntu
22:48:48;66;HTTP Request;200;Thread Group 1-20;true;6391;20;20;66;1;0;ubuntu
22:48:48;13;HTTP Request;200;Thread Group 1-20;true;183387;20;20;1;1;0;ubuntu
22:48:48;2;HTTP Request;200;Thread Group 1-20;true;6746;20;20;2;1;0;ubuntu
22:48:48;1;HTTP Request;200;Thread Group 1-20;true;3382;20;20;1;1;0;ubuntu
22:48:48;1;HTTP Request;200;Thread Group 1-20;true;734;20;20;1;1;0;ubuntu
22:48:48;1;HTTP Request;200;Thread Group 1-20;true;3049;20;20;1;1;0;ubuntu
22:48:47;1984;HTTP Request;200;Thread Group 1-17;true;17250;20;20;172;1;0;ubuntu
22:48:38;11062;HTTP Request;200;Thread Group 1-2;true;17252;19;19;8714;1;0;ubuntu
22:48:39;9900;HTTP Request;200;Thread Group 1-4;true;17251;19;19;7545;1;0;ubuntu
22:48:40;8695;HTTP Request;200;Thread Group 1-6;true;17251;18;18;6337;1;0;ubuntu
22:48:45;3244;HTTP Request;200;Thread Group 1-15;true;17252;18;18;875;1;0;ubuntu
22:48:46;2655;HTTP Request;200;Thread Group 1-16;true;17253;18;18;286;1;0;ubuntu
22:48:47;1366;HTTP Request;200;Thread Group 1-18;true;17253;18;18;80;1;0;ubuntu
22:48:49;34;HTTP Request;200;Thread Group 1-21;true;6391;14;14;34;1;0;ubuntu
22:48:49;4;HTTP Request;200;Thread Group 1-21;true;183387;14;14;3;1;0;ubuntu
22:48:49;1;HTTP Request;200;Thread Group 1-21;true;6746;14;14;1;1;0;ubuntu
22:48:49;2;HTTP Request;200;Thread Group 1-21;true;3382;14;14;2;1;0;ubuntu
22:48:49;1;HTTP Request;200;Thread Group 1-21;true;734;14;14;1;1;0;ubuntu
22:48:49;1;HTTP Request;200;Thread Group 1-21;true;3049;14;14;1;1;0;ubuntu
22:48:49;57;HTTP Request;200;Thread Group 1-22;true;6391;15;15;57;1;0;ubuntu
22:48:50;7;HTTP Request;200;Thread Group 1-22;true;183387;15;15;3;1;0;ubuntu
22:48:50;2;HTTP Request;200;Thread Group 1-22;true;6746;15;15;2;1;0;ubuntu
22:48:50;1;HTTP Request;200;Thread Group 1-22;true;3382;15;15;1;1;0;ubuntu
22:48:50;1;HTTP Request;200;Thread Group 1-22;true;734;15;15;1;1;0;ubuntu
22:48:50;1;HTTP Request;200;Thread Group 1-22;true;3049;15;15;1;1;0;ubuntu
22:48:50;43;HTTP Request;200;Thread Group 1-23;true;6391;16;16;43;1;0;ubuntu
22:48:50;58;HTTP Request;200;Thread Group 1-23;true;183387;16;16;50;1;0;ubuntu
22:48:50;3;HTTP Request;200;Thread Group 1-23;true;6746;16;16;3;1;0;ubuntu
22:48:50;6;HTTP Request;200;Thread Group 1-23;true;3382;16;16;6;1;0;ubuntu
22:48:50;5;HTTP Request;200;Thread Group 1-23;true;734;16;16;5;1;0;ubuntu
22:48:50;6;HTTP Request;200;Thread Group 1-23;true;3049;16;16;6;1;0;ubuntu
22:48:51;105;HTTP Request;200;Thread Group 1-24;true;6391;17;17;105;1;0;ubuntu
22:48:48;2833;HTTP Request;200;Thread Group 1-19;true;17252;17;17;154;1;0;ubuntu
22:48:51;12;HTTP Request;200;Thread Group 1-24;true;183387;17;17;10;1;0;ubuntu
22:48:51;3;HTTP Request;200;Thread Group 1-24;true;6746;17;17;3;1;0;ubuntu
22:48:51;3;HTTP Request;200;Thread Group 1-24;true;3382;17;17;3;1;0;ubuntu
22:48:51;2;HTTP Request;200;Thread Group 1-24;true;734;17;17;2;1;0;ubuntu
22:48:51;3;HTTP Request;200;Thread Group 1-24;true;3049;17;17;3;1;0;ubuntu
22:48:51;164;HTTP Request;200;Thread Group 1-25;true;6391;17;17;164;1;0;ubuntu
22:48:51;10;HTTP Request;200;Thread Group 1-25;true;183387;17;17;4;1;0;ubuntu
22:48:51;10;HTTP Request;200;Thread Group 1-25;true;6746;17;17;10;1;0;ubuntu
22:48:51;16;HTTP Request;200;Thread Group 1-25;true;3382;17;17;16;1;0;ubuntu
22:48:51;5;HTTP Request;200;Thread Group 1-25;true;734;17;17;5;1;0;ubuntu
22:48:51;5;HTTP Request;200;Thread Group 1-25;true;3049;17;17;5;1;0;ubuntu
22:48:52;28;HTTP Request;200;Thread Group 1-26;true;6391;18;18;28;1;0;ubuntu
22:48:52;3;HTTP Request;200;Thread Group 1-26;true;183387;18;18;2;1;0;ubuntu
22:48:52;3;HTTP Request;200;Thread Group 1-26;true;6746;18;18;3;1;0;ubuntu
22:48:52;3;HTTP Request;200;Thread Group 1-26;true;3382;18;18;3;1;0;ubuntu
22:48:52;1;HTTP Request;200;Thread Group 1-26;true;734;18;18;1;1;0;ubuntu
22:48:52;1;HTTP Request;200;Thread Group 1-26;true;3049;18;18;1;1;0;ubuntu
22:48:48;3866;HTTP Request;200;Thread Group 1-20;true;17252;18;18;1763;1;0;ubuntu
22:48:52;374;HTTP Request;200;Thread Group 1-27;true;6391;18;18;374;1;0;ubuntu
22:48:53;33;HTTP Request;200;Thread Group 1-27;true;183387;18;18;25;1;0;ubuntu
22:48:53;12;HTTP Request;200;Thread Group 1-27;true;6746;18;18;12;1;0;ubuntu
22:48:53;2;HTTP Request;200;Thread Group 1-27;true;3382;18;18;2;1;0;ubuntu
22:48:53;2;HTTP Request;200;Thread Group 1-27;true;734;18;18;2;1;0;ubuntu
22:48:53;3;HTTP Request;200;Thread Group 1-27;true;3049;18;18;3;1;0;ubuntu
22:48:53;447;HTTP Request;200;Thread Group 1-28;true;6391;19;19;447;1;0;ubuntu
22:48:54;38;HTTP Request;200;Thread Group 1-28;true;183387;19;19;29;1;0;ubuntu
22:48:54;2;HTTP Request;200;Thread Group 1-28;true;6746;19;19;2;1;0;ubuntu
22:48:54;3;HTTP Request;200;Thread Group 1-28;true;3382;19;19;3;1;0;ubuntu
22:48:54;3;HTTP Request;200;Thread Group 1-28;true;734;19;19;3;1;0;ubuntu
22:48:54;2;HTTP Request;200;Thread Group 1-28;true;3049;19;19;2;1;0;ubuntu
22:48:38;15577;HTTP Request;200;Thread Group 1-3;true;17251;20;20;13203;1;0;ubuntu
22:48:45;9071;HTTP Request;200;Thread Group 1-14;true;17252;19;19;6603;1;0;ubuntu
22:48:43;10827;HTTP Request;200;Thread Group 1-11;true;17251;18;18;8339;1;0;ubuntu
22:48:42;11524;HTTP Request;200;Thread Group 1-10;true;17253;18;18;9057;1;0;ubuntu
22:48:42;12110;HTTP Request;200;Thread Group 1-9;true;17251;16;16;9617;1;0;ubuntu
22:48:37;16336;HTTP Request;200;Thread Group 1-1;true;17251;16;16;13828;1;0;ubuntu
22:48:39;14534;HTTP Request;200;Thread Group 1-5;true;17252;16;16;12010;1;0;ubuntu
22:48:44;10286;HTTP Request;200;Thread Group 1-12;true;17252;15;15;7799;1;0;ubuntu
22:48:41;13330;HTTP Request;200;Thread Group 1-7;true;17250;15;15;10841;1;0;ubuntu
22:48:49;4902;HTTP Request;200;Thread Group 1-21;true;17252;15;15;1814;1;0;ubuntu
22:48:50;4272;HTTP Request;200;Thread Group 1-22;true;17252;15;15;1892;1;0;ubuntu
22:48:41;12743;HTTP Request;200;Thread Group 1-8;true;17251;15;15;10227;1;0;ubuntu
22:48:44;9716;HTTP Request;200;Thread Group 1-13;true;17251;15;15;7186;1;0;ubuntu
22:48:54;251;HTTP Request;200;Thread Group 1-29;true;6391;7;7;251;1;0;ubuntu
22:48:54;23;HTTP Request;200;Thread Group 1-29;true;183387;7;7;9;1;0;ubuntu
22:48:54;4;HTTP Request;200;Thread Group 1-29;true;6746;7;7;4;1;0;ubuntu
22:48:54;2;HTTP Request;200;Thread Group 1-29;true;3382;7;7;2;1;0;ubuntu
22:48:54;2;HTTP Request;200;Thread Group 1-29;true;734;7;7;2;1;0;ubuntu
22:48:54;7;HTTP Request;200;Thread Group 1-29;true;3049;7;7;7;1;0;ubuntu
22:48:50;3825;HTTP Request;200;Thread Group 1-23;true;17251;7;7;1945;1;0;ubuntu
22:48:51;3363;HTTP Request;200;Thread Group 1-24;true;17252;6;6;1757;1;0;ubuntu
22:48:51;2793;HTTP Request;200;Thread Group 1-25;true;17253;6;6;1279;1;0;ubuntu
22:48:52;2375;HTTP Request;200;Thread Group 1-26;true;17252;5;5;827;1;0;ubuntu
22:48:54;106;HTTP Request;200;Thread Group 1-30;true;6391;4;4;106;1;0;ubuntu
22:48:54;16;HTTP Request;200;Thread Group 1-30;true;183387;4;4;2;1;0;ubuntu
22:48:54;2;HTTP Request;200;Thread Group 1-30;true;6746;4;4;2;1;0;ubuntu
22:48:54;3;HTTP Request;200;Thread Group 1-30;true;3382;4;4;3;1;0;ubuntu
22:48:54;7;HTTP Request;200;Thread Group 1-30;true;734;4;4;7;1;0;ubuntu
22:48:54;2;HTTP Request;200;Thread Group 1-30;true;3049;4;4;2;1;0;ubuntu
22:48:53;1526;HTTP Request;200;Thread Group 1-27;true;17253;4;4;789;1;0;ubuntu
22:48:54;939;HTTP Request;200;Thread Group 1-28;true;17252;3;3;431;1;0;ubuntu
22:48:54;619;HTTP Request;200;Thread Group 1-29;true;17253;2;2;236;1;0;ubuntu
22:48:54;309;HTTP Request;200;Thread Group 1-30;true;17253;1;1;122;1;0;ubuntu
22:48:55;29;HTTP Request;200;Thread Group 1-31;true;6391;1;1;28;1;0;ubuntu
22:48:55;8;HTTP Request;200;Thread Group 1-31;true;183387;1;1;4;1;0;ubuntu
22:48:55;1;HTTP Request;200;Thread Group 1-31;true;6746;1;1;1;1;0;ubuntu
22:48:55;1;HTTP Request;200;Thread Group 1-31;true;3382;1;1;1;1;0;ubuntu
22:48:55;1;HTTP Request;200;Thread Group 1-31;true;734;1;1;1;1;0;ubuntu
22:48:55;1;HTTP Request;200;Thread Group 1-31;true;3049;1;1;1;1;0;ubuntu
22:48:55;252;HTTP Request;200;Thread Group 1-31;true;17252;1;1;62;1;0;ubuntu
22:48:55;28;HTTP Request;200;Thread Group 1-32;true;6391;1;1;28;1;0;ubuntu
22:48:55;5;HTTP Request;200;Thread Group 1-32;true;183387;1;1;2;1;0;ubuntu
22:48:55;1;HTTP Request;200;Thread Group 1-32;true;6746;1;1;1;1;0;ubuntu
22:48:56;1;HTTP Request;200;Thread Group 1-32;true;3382;1;1;1;1;0;ubuntu
22:48:56;8;HTTP Request;200;Thread Group 1-32;true;734;1;1;8;1;0;ubuntu
22:48:56;1;HTTP Request;200;Thread Group 1-32;true;3049;1;1;1;1;0;ubuntu
22:48:56;255;HTTP Request;200;Thread Group 1-32;true;17251;1;1;66;1;0;ubuntu
22:48:56;26;HTTP Request;200;Thread Group 1-33;true;6391;1;1;26;1;0;ubuntu
22:48:56;5;HTTP Request;200;Thread Group 1-33;true;183387;1;1;3;1;0;ubuntu
22:48:56;1;HTTP Request;200;Thread Group 1-33;true;6746;1;1;1;1;0;ubuntu
22:48:56;1;HTTP Request;200;Thread Group 1-33;true;3382;1;1;1;1;0;ubuntu
22:48:56;5;HTTP Request;200;Thread Group 1-33;true;734;1;1;5;1;0;ubuntu
22:48:56;1;HTTP Request;200;Thread Group 1-33;true;3049;1;1;1;1;0;ubuntu
22:48:56;261;HTTP Request;200;Thread Group 1-33;true;17253;1;1;74;1;0;ubuntu
22:48:57;30;HTTP Request;200;Thread Group 1-34;true;6391;1;1;30;1;0;ubuntu
22:48:57;6;HTTP Request;200;Thread Group 1-34;true;183387;1;1;3;1;0;ubuntu
22:48:57;1;HTTP Request;200;Thread Group 1-34;true;6746;1;1;1;1;0;ubuntu
22:48:57;1;HTTP Request;200;Thread Group 1-34;true;3382;1;1;1;1;0;ubuntu
22:48:57;4;HTTP Request;200;Thread Group 1-34;true;734;1;1;4;1;0;ubuntu
22:48:57;1;HTTP Request;200;Thread Group 1-34;true;3049;1;1;1;1;0;ubuntu
22:48:57;245;HTTP Request;200;Thread Group 1-34;true;17252;1;1;63;1;0;ubuntu
22:48:57;31;HTTP Request;200;Thread Group 1-35;true;6391;1;1;31;1;0;ubuntu
22:48:57;6;HTTP Request;200;Thread Group 1-35;true;183387;1;1;2;1;0;ubuntu
22:48:57;4;HTTP Request;200;Thread Group 1-35;true;6746;1;1;4;1;0;ubuntu
22:48:57;1;HTTP Request;200;Thread Group 1-35;true;3382;1;1;1;1;0;ubuntu
22:48:57;1;HTTP Request;200;Thread Group 1-35;true;734;1;1;1;1;0;ubuntu
22:48:57;0;HTTP Request;200;Thread Group 1-35;true;3049;1;1;0;1;0;ubuntu
22:48:57;565;HTTP Request;200;Thread Group 1-35;true;17252;2;2;64;1;0;ubuntu
22:48:58;39;HTTP Request;200;Thread Group 1-36;true;6391;1;1;39;1;0;ubuntu
22:48:58;6;HTTP Request;200;Thread Group 1-36;true;183387;1;1;1;1;0;ubuntu
22:48:58;1;HTTP Request;200;Thread Group 1-36;true;6746;1;1;1;1;0;ubuntu
22:48:58;1;HTTP Request;200;Thread Group 1-36;true;3382;1;1;1;1;0;ubuntu
22:48:58;1;HTTP Request;200;Thread Group 1-36;true;734;1;1;1;1;0;ubuntu
22:48:58;1;HTTP Request;200;Thread Group 1-36;true;3049;1;1;1;1;0;ubuntu
22:48:58;263;HTTP Request;200;Thread Group 1-36;true;17253;1;1;79;1;0;ubuntu
22:48:58;27;HTTP Request;200;Thread Group 1-37;true;6391;1;1;27;1;0;ubuntu
22:48:58;2;HTTP Request;200;Thread Group 1-37;true;183387;1;1;1;1;0;ubuntu
22:48:58;5;HTTP Request;200;Thread Group 1-37;true;6746;1;1;5;1;0;ubuntu
22:48:59;2;HTTP Request;200;Thread Group 1-37;true;3382;1;1;2;1;0;ubuntu
22:48:59;1;HTTP Request;200;Thread Group 1-37;true;734;1;1;1;1;0;ubuntu
22:48:59;1;HTTP Request;200;Thread Group 1-37;true;3049;1;1;1;1;0;ubuntu
22:48:59;245;HTTP Request;200;Thread Group 1-37;true;17251;1;1;63;1;0;ubuntu
22:48:59;30;HTTP Request;200;Thread Group 1-38;true;6391;1;1;29;1;0;ubuntu
22:48:59;8;HTTP Request;200;Thread Group 1-38;true;183387;1;1;2;1;0;ubuntu
22:48:59;1;HTTP Request;200;Thread Group 1-38;true;6746;1;1;1;1;0;ubuntu
22:48:59;1;HTTP Request;200;Thread Group 1-38;true;3382;1;1;1;1;0;ubuntu
22:48:59;3;HTTP Request;200;Thread Group 1-38;true;734;1;1;3;1;0;ubuntu
22:48:59;1;HTTP Request;200;Thread Group 1-38;true;3049;1;1;1;1;0;ubuntu
22:48:59;243;HTTP Request;200;Thread Group 1-38;true;17252;1;1;74;1;0;ubuntu
22:49:00;29;HTTP Request;200;Thread Group 1-39;true;6391;1;1;28;1;0;ubuntu
22:49:00;6;HTTP Request;200;Thread Group 1-39;true;183387;1;1;3;1;0;ubuntu
22:49:00;2;HTTP Request;200;Thread Group 1-39;true;6746;1;1;2;1;0;ubuntu
22:49:00;1;HTTP Request;200;Thread Group 1-39;true;3382;1;1;1;1;0;ubuntu
22:49:00;4;HTTP Request;200;Thread Group 1-39;true;734;1;1;4;1;0;ubuntu
22:49:00;1;HTTP Request;200;Thread Group 1-39;true;3049;1;1;1;1;0;ubuntu
22:49:00;34;HTTP Request;200;Thread Group 1-40;true;6391;2;2;34;1;0;ubuntu
22:49:00;7;HTTP Request;200;Thread Group 1-40;true;183387;2;2;3;1;0;ubuntu
22:49:00;1;HTTP Request;200;Thread Group 1-40;true;6746;2;2;1;1;0;ubuntu
22:49:00;2;HTTP Request;200;Thread Group 1-40;true;3382;2;2;2;1;0;ubuntu
22:49:00;1;HTTP Request;200;Thread Group 1-40;true;734;2;2;1;1;0;ubuntu
22:49:00;1;HTTP Request;200;Thread Group 1-40;true;3049;2;2;1;1;0;ubuntu
22:49:00;238;HTTP Request;200;Thread Group 1-40;true;17252;2;2;61;1;0;ubuntu
22:49:01;31;HTTP Request;200;Thread Group 1-41;true;6391;2;2;31;1;0;ubuntu
22:49:01;3;HTTP Request;200;Thread Group 1-41;true;183387;2;2;2;1;0;ubuntu
22:49:01;1;HTTP Request;200;Thread Group 1-41;true;6746;2;2;1;1;0;ubuntu
22:49:01;1;HTTP Request;200;Thread Group 1-41;true;3382;2;2;1;1;0;ubuntu
22:49:01;4;HTTP Request;200;Thread Group 1-41;true;734;2;2;4;1;0;ubuntu
22:49:01;0;HTTP Request;200;Thread Group 1-41;true;3049;2;2;0;1;0;ubuntu
22:49:01;241;HTTP Request;200;Thread Group 1-41;true;17251;2;2;64;1;0;ubuntu
22:49:01;28;HTTP Request;200;Thread Group 1-42;true;6391;2;2;28;1;0;ubuntu
22:49:01;5;HTTP Request;200;Thread Group 1-42;true;183387;2;2;3;1;0;ubuntu
22:49:01;1;HTTP Request;200;Thread Group 1-42;true;6746;2;2;1;1;0;ubuntu
22:49:02;0;HTTP Request;200;Thread Group 1-42;true;3382;2;2;0;1;0;ubuntu
22:49:02;2;HTTP Request;200;Thread Group 1-42;true;734;2;2;2;1;0;ubuntu
22:49:02;1;HTTP Request;200;Thread Group 1-42;true;3049;2;2;1;1;0;ubuntu
22:49:02;332;HTTP Request;200;Thread Group 1-42;true;17252;2;2;136;1;0;ubuntu
22:49:02;32;HTTP Request;200;Thread Group 1-43;true;6391;2;2;32;1;0;ubuntu
22:49:02;2;HTTP Request;200;Thread Group 1-43;true;183387;2;2;1;1;0;ubuntu
22:49:02;0;HTTP Request;200;Thread Group 1-43;true;6746;2;2;0;1;0;ubuntu
22:49:02;1;HTTP Request;200;Thread Group 1-43;true;3382;2;2;1;1;0;ubuntu
22:49:02;6;HTTP Request;200;Thread Group 1-43;true;734;2;2;6;1;0;ubuntu
22:49:02;1;HTTP Request;200;Thread Group 1-43;true;3049;2;2;1;1;0;ubuntu
22:49:02;242;HTTP Request;200;Thread Group 1-43;true;17252;2;2;73;1;0;ubuntu
22:49:03;30;HTTP Request;200;Thread Group 1-44;true;6391;2;2;30;1;0;ubuntu
22:49:03;4;HTTP Request;200;Thread Group 1-44;true;183387;2;2;3;1;0;ubuntu
22:49:03;3;HTTP Request;200;Thread Group 1-44;true;6746;2;2;3;1;0;ubuntu
22:49:03;3;HTTP Request;200;Thread Group 1-44;true;3382;2;2;3;1;0;ubuntu
22:49:03;1;HTTP Request;200;Thread Group 1-44;true;734;2;2;1;1;0;ubuntu
22:49:03;1;HTTP Request;200;Thread Group 1-44;true;3049;2;2;1;1;0;ubuntu
22:49:03;265;HTTP Request;200;Thread Group 1-44;true;17251;2;2;61;1;0;ubuntu
22:49:03;29;HTTP Request;200;Thread Group 1-45;true;6391;2;2;29;1;0;ubuntu
22:49:03;2;HTTP Request;200;Thread Group 1-45;true;183387;2;2;1;1;0;ubuntu
22:49:03;0;HTTP Request;200;Thread Group 1-45;true;6746;2;2;0;1;0;ubuntu
22:49:03;2;HTTP Request;200;Thread Group 1-45;true;3382;2;2;2;1;0;ubuntu
22:49:03;1;HTTP Request;200;Thread Group 1-45;true;734;2;2;1;1;0;ubuntu
22:49:03;1;HTTP Request;200;Thread Group 1-45;true;3049;2;2;1;1;0;ubuntu
22:49:03;252;HTTP Request;200;Thread Group 1-45;true;17253;2;2;64;1;0;ubuntu
22:49:04;29;HTTP Request;200;Thread Group 1-46;true;6391;2;2;29;1;0;ubuntu
22:49:04;3;HTTP Request;200;Thread Group 1-46;true;183387;2;2;1;1;0;ubuntu
22:49:04;1;HTTP Request;200;Thread Group 1-46;true;6746;2;2;1;1;0;ubuntu
22:49:04;1;HTTP Request;200;Thread Group 1-46;true;3382;2;2;1;1;0;ubuntu
22:49:04;4;HTTP Request;200;Thread Group 1-46;true;734;2;2;4;1;0;ubuntu
22:49:04;1;HTTP Request;200;Thread Group 1-46;true;3049;2;2;1;1;0;ubuntu
22:49:04;245;HTTP Request;200;Thread Group 1-46;true;17251;2;2;67;1;0;ubuntu
22:49:04;31;HTTP Request;200;Thread Group 1-47;true;6391;2;2;31;1;0;ubuntu
22:49:04;6;HTTP Request;200;Thread Group 1-47;true;183387;2;2;1;1;0;ubuntu
22:49:04;1;HTTP Request;200;Thread Group 1-47;true;6746;2;2;1;1;0;ubuntu
22:49:04;1;HTTP Request;200;Thread Group 1-47;true;3382;2;2;1;1;0;ubuntu
22:49:05;1;HTTP Request;200;Thread Group 1-47;true;734;2;2;1;1;0;ubuntu
22:49:05;1;HTTP Request;200;Thread Group 1-47;true;3049;2;2;1;1;0;ubuntu
22:49:05;236;HTTP Request;200;Thread Group 1-47;true;17252;2;2;62;1;0;ubuntu
22:49:00;5245;HTTP Request;200;Thread Group 1-39;true;17252;1;1;5068;1;0;ubuntu
22:49:05;28;HTTP Request;200;Thread Group 1-48;true;6391;1;1;28;1;0;ubuntu
22:49:05;4;HTTP Request;200;Thread Group 1-48;true;183387;1;1;1;1;0;ubuntu
22:49:05;1;HTTP Request;200;Thread Group 1-48;true;6746;1;1;1;1;0;ubuntu
22:49:05;4;HTTP Request;200;Thread Group 1-48;true;3382;1;1;4;1;0;ubuntu
22:49:05;1;HTTP Request;200;Thread Group 1-48;true;734;1;1;1;1;0;ubuntu
22:49:05;1;HTTP Request;200;Thread Group 1-48;true;3049;1;1;1;1;0;ubuntu
22:49:05;253;HTTP Request;200;Thread Group 1-48;true;17252;1;1;72;1;0;ubuntu
22:49:06;26;HTTP Request;200;Thread Group 1-49;true;6391;1;1;25;1;0;ubuntu
22:49:06;2;HTTP Request;200;Thread Group 1-49;true;183387;1;1;1;1;0;ubuntu
22:49:06;0;HTTP Request;200;Thread Group 1-49;true;6746;1;1;0;1;0;ubuntu
22:49:06;1;HTTP Request;200;Thread Group 1-49;true;3382;1;1;1;1;0;ubuntu
22:49:06;3;HTTP Request;200;Thread Group 1-49;true;734;1;1;3;1;0;ubuntu
22:49:06;1;HTTP Request;200;Thread Group 1-49;true;3049;1;1;1;1;0;ubuntu
22:49:06;256;HTTP Request;200;Thread Group 1-49;true;17252;1;1;62;1;0;ubuntu
22:49:06;25;HTTP Request;200;Thread Group 1-50;true;6391;1;1;25;1;0;ubuntu
22:49:06;17;HTTP Request;200;Thread Group 1-50;true;183387;1;1;6;1;0;ubuntu
22:49:06;2;HTTP Request;200;Thread Group 1-50;true;6746;1;1;2;1;0;ubuntu
22:49:06;1;HTTP Request;200;Thread Group 1-50;true;3382;1;1;1;1;0;ubuntu
22:49:06;2;HTTP Request;200;Thread Group 1-50;true;734;1;1;2;1;0;ubuntu
22:49:06;1;HTTP Request;200;Thread Group 1-50;true;3049;1;1;1;1;0;ubuntu
22:49:06;250;HTTP Request;200;Thread Group 1-50;true;17252;1;1;61;1;0;ubuntu
22:49:07;28;HTTP Request;200;Thread Group 1-51;true;6391;1;1;28;1;0;ubuntu
22:49:07;16;HTTP Request;200;Thread Group 1-51;true;183387;1;1;0;1;0;ubuntu
22:49:07;2;HTTP Request;200;Thread Group 1-51;true;6746;1;1;2;1;0;ubuntu
22:49:07;2;HTTP Request;200;Thread Group 1-51;true;3382;1;1;2;1;0;ubuntu
22:49:07;2;HTTP Request;200;Thread Group 1-51;true;734;1;1;2;1;0;ubuntu
22:49:07;0;HTTP Request;200;Thread Group 1-51;true;3049;1;1;0;1;0;ubuntu
22:49:07;240;HTTP Request;200;Thread Group 1-51;true;17253;1;1;64;1;0;ubuntu
22:49:07;31;HTTP Request;200;Thread Group 1-52;true;6391;1;1;31;1;0;ubuntu
22:49:08;8;HTTP Request;200;Thread Group 1-52;true;183387;1;1;2;1;0;ubuntu
22:49:08;3;HTTP Request;200;Thread Group 1-52;true;6746;1;1;3;1;0;ubuntu
22:49:08;0;HTTP Request;200;Thread Group 1-52;true;3382;1;1;0;1;0;ubuntu
22:49:08;1;HTTP Request;200;Thread Group 1-52;true;734;1;1;1;1;0;ubuntu
22:49:08;1;HTTP Request;200;Thread Group 1-52;true;3049;1;1;1;1;0;ubuntu
22:49:08;241;HTTP Request;200;Thread Group 1-52;true;17253;1;1;63;1;0;ubuntu
22:49:08;30;HTTP Request;200;Thread Group 1-53;true;6391;1;1;30;1;0;ubuntu
22:49:08;4;HTTP Request;200;Thread Group 1-53;true;183387;1;1;2;1;0;ubuntu
22:49:08;1;HTTP Request;200;Thread Group 1-53;true;6746;1;1;1;1;0;ubuntu
22:49:08;1;HTTP Request;200;Thread Group 1-53;true;3382;1;1;1;1;0;ubuntu
22:49:08;1;HTTP Request;200;Thread Group 1-53;true;734;1;1;1;1;0;ubuntu
22:49:08;0;HTTP Request;200;Thread Group 1-53;true;3049;1;1;0;1;0;ubuntu
22:49:09;28;HTTP Request;200;Thread Group 1-54;true;6391;2;2;28;1;0;ubuntu
22:49:09;5;HTTP Request;200;Thread Group 1-54;true;183387;2;2;3;1;0;ubuntu
22:49:09;2;HTTP Request;200;Thread Group 1-54;true;6746;2;2;2;1;0;ubuntu
22:49:09;1;HTTP Request;200;Thread Group 1-54;true;3382;2;2;1;1;0;ubuntu
22:49:09;1;HTTP Request;200;Thread Group 1-54;true;734;2;2;1;1;0;ubuntu
22:49:09;1;HTTP Request;200;Thread Group 1-54;true;3049;2;2;1;1;0;ubuntu
22:49:09;278;HTTP Request;200;Thread Group 1-54;true;17252;2;2;66;1;0;ubuntu
22:49:09;33;HTTP Request;200;Thread Group 1-55;true;6391;2;2;32;1;0;ubuntu
22:49:09;3;HTTP Request;200;Thread Group 1-55;true;183387;2;2;1;1;0;ubuntu
22:49:09;0;HTTP Request;200;Thread Group 1-55;true;6746;2;2;0;1;0;ubuntu
22:49:09;2;HTTP Request;200;Thread Group 1-55;true;3382;2;2;2;1;0;ubuntu
22:49:09;4;HTTP Request;200;Thread Group 1-55;true;734;2;2;4;1;0;ubuntu
22:49:09;1;HTTP Request;200;Thread Group 1-55;true;3049;2;2;1;1;0;ubuntu
22:49:09;245;HTTP Request;200;Thread Group 1-55;true;17252;2;2;65;1;0;ubuntu
22:49:10;27;HTTP Request;200;Thread Group 1-56;true;6391;2;2;27;1;0;ubuntu
22:49:10;8;HTTP Request;200;Thread Group 1-56;true;183387;2;2;2;1;0;ubuntu
22:49:10;3;HTTP Request;200;Thread Group 1-56;true;6746;2;2;3;1;0;ubuntu
22:49:10;1;HTTP Request;200;Thread Group 1-56;true;3382;2;2;1;1;0;ubuntu
22:49:10;1;HTTP Request;200;Thread Group 1-56;true;734;2;2;1;1;0;ubuntu
22:49:10;1;HTTP Request;200;Thread Group 1-56;true;3049;2;2;1;1;0;ubuntu
22:49:10;262;HTTP Request;200;Thread Group 1-56;true;17252;2;2;67;1;0;ubuntu
22:49:11;29;HTTP Request;200;Thread Group 1-57;true;6391;2;2;29;1;0;ubuntu
22:49:11;4;HTTP Request;200;Thread Group 1-57;true;183387;2;2;2;1;0;ubuntu
22:49:11;1;HTTP Request;200;Thread Group 1-57;true;6746;2;2;1;1;0;ubuntu
22:49:11;1;HTTP Request;200;Thread Group 1-57;true;3382;2;2;1;1;0;ubuntu
22:49:11;4;HTTP Request;200;Thread Group 1-57;true;734;2;2;4;1;0;ubuntu
22:49:11;1;HTTP Request;200;Thread Group 1-57;true;3049;2;2;1;1;0;ubuntu
22:49:11;243;HTTP Request;200;Thread Group 1-57;true;17252;2;2;64;1;0;ubuntu
22:49:11;29;HTTP Request;200;Thread Group 1-58;true;6391;2;2;29;1;0;ubuntu
22:49:11;4;HTTP Request;200;Thread Group 1-58;true;183387;2;2;2;1;0;ubuntu
22:49:11;1;HTTP Request;200;Thread Group 1-58;true;6746;2;2;1;1;0;ubuntu
22:49:11;1;HTTP Request;200;Thread Group 1-58;true;3382;2;2;1;1;0;ubuntu
22:49:11;1;HTTP Request;200;Thread Group 1-58;true;734;2;2;1;1;0;ubuntu
22:49:11;1;HTTP Request;200;Thread Group 1-58;true;3049;2;2;1;1;0;ubuntu
22:49:11;259;HTTP Request;200;Thread Group 1-58;true;17252;2;2;62;1;0;ubuntu
22:49:12;29;HTTP Request;200;Thread Group 1-59;true;6391;2;2;29;1;0;ubuntu
22:49:12;4;HTTP Request;200;Thread Group 1-59;true;183387;2;2;3;1;0;ubuntu
22:49:12;1;HTTP Request;200;Thread Group 1-59;true;6746;2;2;1;1;0;ubuntu
22:49:12;1;HTTP Request;200;Thread Group 1-59;true;3382;2;2;1;1;0;ubuntu
22:49:12;1;HTTP Request;200;Thread Group 1-59;true;734;2;2;0;1;0;ubuntu
22:49:12;1;HTTP Request;200;Thread Group 1-59;true;3049;2;2;1;1;0;ubuntu
22:49:12;227;HTTP Request;200;Thread Group 1-59;true;17250;2;2;63;1;0;ubuntu
22:49:12;29;HTTP Request;200;Thread Group 1-60;true;6391;2;2;29;1;0;ubuntu
22:49:12;4;HTTP Request;200;Thread Group 1-60;true;183387;2;2;1;1;0;ubuntu
22:49:12;1;HTTP Request;200;Thread Group 1-60;true;6746;2;2;1;1;0;ubuntu
22:49:12;1;HTTP Request;200;Thread Group 1-60;true;3382;2;2;1;1;0;ubuntu
22:49:12;1;HTTP Request;200;Thread Group 1-60;true;734;2;2;1;1;0;ubuntu
22:49:12;1;HTTP Request;200;Thread Group 1-60;true;3049;2;2;1;1;0;ubuntu
22:49:12;256;HTTP Request;200;Thread Group 1-60;true;17251;2;2;62;1;0;ubuntu
22:49:13;31;HTTP Request;200;Thread Group 1-61;true;6391;2;2;31;1;0;ubuntu
22:49:13;5;HTTP Request;200;Thread Group 1-61;true;183387;2;2;2;1;0;ubuntu
22:49:13;1;HTTP Request;200;Thread Group 1-61;true;6746;2;2;1;1;0;ubuntu
22:49:13;1;HTTP Request;200;Thread Group 1-61;true;3382;2;2;1;1;0;ubuntu
22:49:13;1;HTTP Request;200;Thread Group 1-61;true;734;2;2;1;1;0;ubuntu
22:49:13;1;HTTP Request;200;Thread Group 1-61;true;3049;2;2;0;1;0;ubuntu
22:49:13;273;HTTP Request;200;Thread Group 1-61;true;17252;2;2;64;1;0;ubuntu
22:49:08;5255;HTTP Request;200;Thread Group 1-53;true;17252;1;1;5068;1;0;ubuntu
22:49:14;30;HTTP Request;200;Thread Group 1-62;true;6391;1;1;29;1;0;ubuntu
22:49:14;9;HTTP Request;200;Thread Group 1-62;true;183387;1;1;8;1;0;ubuntu
22:49:14;1;HTTP Request;200;Thread Group 1-62;true;6746;1;1;1;1;0;ubuntu
22:49:14;1;HTTP Request;200;Thread Group 1-62;true;3382;1;1;1;1;0;ubuntu
22:49:14;6;HTTP Request;200;Thread Group 1-62;true;734;1;1;6;1;0;ubuntu
22:49:14;1;HTTP Request;200;Thread Group 1-62;true;3049;1;1;1;1;0;ubuntu
22:49:14;229;HTTP Request;200;Thread Group 1-62;true;17253;1;1;61;1;0;ubuntu
22:49:14;29;HTTP Request;200;Thread Group 1-63;true;6391;1;1;29;1;0;ubuntu
22:49:14;3;HTTP Request;200;Thread Group 1-63;true;183387;1;1;2;1;0;ubuntu
22:49:14;1;HTTP Request;200;Thread Group 1-63;true;6746;1;1;1;1;0;ubuntu
22:49:14;1;HTTP Request;200;Thread Group 1-63;true;3382;1;1;1;1;0;ubuntu
22:49:14;1;HTTP Request;200;Thread Group 1-63;true;734;1;1;1;1;0;ubuntu
22:49:14;1;HTTP Request;200;Thread Group 1-63;true;3049;1;1;1;1;0;ubuntu
22:49:14;242;HTTP Request;200;Thread Group 1-63;true;17251;1;1;62;1;0;ubuntu
22:49:15;31;HTTP Request;200;Thread Group 1-64;true;6391;1;1;31;1;0;ubuntu
22:49:15;5;HTTP Request;200;Thread Group 1-64;true;183387;1;1;2;1;0;ubuntu
22:49:15;0;HTTP Request;200;Thread Group 1-64;true;6746;1;1;0;1;0;ubuntu
22:49:15;0;HTTP Request;200;Thread Group 1-64;true;3382;1;1;0;1;0;ubuntu
22:49:15;1;HTTP Request;200;Thread Group 1-64;true;734;1;1;1;1;0;ubuntu
22:49:15;1;HTTP Request;200;Thread Group 1-64;true;3049;1;1;1;1;0;ubuntu
22:49:15;251;HTTP Request;200;Thread Group 1-64;true;17251;1;1;61;1;0;ubuntu
22:49:15;26;HTTP Request;200;Thread Group 1-65;true;6391;1;1;26;1;0;ubuntu
22:49:15;3;HTTP Request;200;Thread Group 1-65;true;183387;1;1;1;1;0;ubuntu
22:49:15;1;HTTP Request;200;Thread Group 1-65;true;6746;1;1;1;1;0;ubuntu
22:49:15;1;HTTP Request;200;Thread Group 1-65;true;3382;1;1;1;1;0;ubuntu
22:49:15;2;HTTP Request;200;Thread Group 1-65;true;734;1;1;2;1;0;ubuntu
22:49:15;1;HTTP Request;200;Thread Group 1-65;true;3049;1;1;1;1;0;ubuntu
22:49:15;243;HTTP Request;200;Thread Group 1-65;true;17253;1;1;62;1;0;ubuntu
22:49:16;31;HTTP Request;200;Thread Group 1-66;true;6391;1;1;31;1;0;ubuntu
22:49:16;4;HTTP Request;200;Thread Group 1-66;true;183387;1;1;2;1;0;ubuntu
22:49:16;1;HTTP Request;200;Thread Group 1-66;true;6746;1;1;1;1;0;ubuntu
22:49:16;1;HTTP Request;200;Thread Group 1-66;true;3382;1;1;1;1;0;ubuntu
22:49:16;1;HTTP Request;200;Thread Group 1-66;true;734;1;1;1;1;0;ubuntu
22:49:16;1;HTTP Request;200;Thread Group 1-66;true;3049;1;1;1;1;0;ubuntu
22:49:16;255;HTTP Request;200;Thread Group 1-66;true;17252;1;1;64;1;0;ubuntu
22:49:17;27;HTTP Request;200;Thread Group 1-67;true;6391;1;1;27;1;0;ubuntu
22:49:17;7;HTTP Request;200;Thread Group 1-67;true;183387;1;1;3;1;0;ubuntu
22:49:17;2;HTTP Request;200;Thread Group 1-67;true;6746;1;1;2;1;0;ubuntu
22:49:17;1;HTTP Request;200;Thread Group 1-67;true;3382;1;1;1;1;0;ubuntu
22:49:17;1;HTTP Request;200;Thread Group 1-67;true;734;1;1;1;1;0;ubuntu
22:49:17;1;HTTP Request;200;Thread Group 1-67;true;3049;1;1;1;1;0;ubuntu
22:49:17;237;HTTP Request;200;Thread Group 1-67;true;17251;1;1;60;1;0;ubuntu
22:49:17;28;HTTP Request;200;Thread Group 1-68;true;6391;1;1;28;1;0;ubuntu
22:49:17;4;HTTP Request;200;Thread Group 1-68;true;183387;1;1;2;1;0;ubuntu
22:49:17;1;HTTP Request;200;Thread Group 1-68;true;6746;1;1;1;1;0;ubuntu
22:49:17;0;HTTP Request;200;Thread Group 1-68;true;3382;1;1;0;1;0;ubuntu
22:49:17;0;HTTP Request;200;Thread Group 1-68;true;734;1;1;0;1;0;ubuntu
22:49:17;1;HTTP Request;200;Thread Group 1-68;true;3049;1;1;1;1;0;ubuntu
22:49:17;243;HTTP Request;200;Thread Group 1-68;true;17253;1;1;65;1;0;ubuntu
22:49:18;111;HTTP Request;200;Thread Group 1-69;true;6391;1;1;111;1;0;ubuntu
22:49:18;3;HTTP Request;200;Thread Group 1-69;true;183387;1;1;2;1;0;ubuntu
22:49:18;1;HTTP Request;200;Thread Group 1-69;true;6746;1;1;1;1;0;ubuntu
22:49:18;1;HTTP Request;200;Thread Group 1-69;true;3382;1;1;1;1;0;ubuntu
22:49:18;1;HTTP Request;200;Thread Group 1-69;true;734;1;1;1;1;0;ubuntu
22:49:18;1;HTTP Request;200;Thread Group 1-69;true;3049;1;1;1;1;0;ubuntu
22:49:18;244;HTTP Request;200;Thread Group 1-69;true;17251;1;1;64;1;0;ubuntu
22:49:18;36;HTTP Request;200;Thread Group 1-70;true;6391;1;1;36;1;0;ubuntu
22:49:18;6;HTTP Request;200;Thread Group 1-70;true;183387;1;1;2;1;0;ubuntu
22:49:18;2;HTTP Request;200;Thread Group 1-70;true;6746;1;1;1;1;0;ubuntu
22:49:18;0;HTTP Request;200;Thread Group 1-70;true;3382;1;1;0;1;0;ubuntu
22:49:18;0;HTTP Request;200;Thread Group 1-70;true;734;1;1;0;1;0;ubuntu
22:49:18;1;HTTP Request;200;Thread Group 1-70;true;3049;1;1;1;1;0;ubuntu
22:49:18;294;HTTP Request;200;Thread Group 1-70;true;17253;1;1;65;1;0;ubuntu
22:49:19;29;HTTP Request;200;Thread Group 1-71;true;6391;1;1;29;1;0;ubuntu
22:49:19;9;HTTP Request;200;Thread Group 1-71;true;183387;1;1;2;1;0;ubuntu
22:49:19;1;HTTP Request;200;Thread Group 1-71;true;6746;1;1;1;1;0;ubuntu
22:49:19;0;HTTP Request;200;Thread Group 1-71;true;3382;1;1;0;1;0;ubuntu
22:49:19;8;HTTP Request;200;Thread Group 1-71;true;734;1;1;8;1;0;ubuntu
22:49:19;1;HTTP Request;200;Thread Group 1-71;true;3049;1;1;1;1;0;ubuntu
22:49:19;261;HTTP Request;200;Thread Group 1-71;true;17252;1;1;66;1;0;ubuntu
22:49:20;31;HTTP Request;200;Thread Group 1-72;true;6391;1;1;31;1;0;ubuntu
22:49:20;16;HTTP Request;200;Thread Group 1-72;true;183387;1;1;4;1;0;ubuntu
22:49:20;1;HTTP Request;200;Thread Group 1-72;true;6746;1;1;1;1;0;ubuntu
22:49:20;1;HTTP Request;200;Thread Group 1-72;true;3382;1;1;1;1;0;ubuntu
22:49:20;1;HTTP Request;200;Thread Group 1-72;true;734;1;1;1;1;0;ubuntu
22:49:20;1;HTTP Request;200;Thread Group 1-72;true;3049;1;1;1;1;0;ubuntu
22:49:20;233;HTTP Request;200;Thread Group 1-72;true;17252;1;1;61;1;0;ubuntu
22:49:20;27;HTTP Request;200;Thread Group 1-73;true;6391;1;1;27;1;0;ubuntu
22:49:20;3;HTTP Request;200;Thread Group 1-73;true;183387;1;1;1;1;0;ubuntu
22:49:20;1;HTTP Request;200;Thread Group 1-73;true;6746;1;1;1;1;0;ubuntu
22:49:20;1;HTTP Request;200;Thread Group 1-73;true;3382;1;1;1;1;0;ubuntu
22:49:20;1;HTTP Request;200;Thread Group 1-73;true;734;1;1;1;1;0;ubuntu
22:49:20;1;HTTP Request;200;Thread Group 1-73;true;3049;1;1;1;1;0;ubuntu
22:49:20;237;HTTP Request;200;Thread Group 1-73;true;17252;1;1;65;1;0;ubuntu
22:49:21;30;HTTP Request;200;Thread Group 1-74;true;6391;1;1;30;1;0;ubuntu
22:49:21;8;HTTP Request;200;Thread Group 1-74;true;183387;1;1;3;1;0;ubuntu
22:49:21;1;HTTP Request;200;Thread Group 1-74;true;6746;1;1;1;1;0;ubuntu
22:49:21;1;HTTP Request;200;Thread Group 1-74;true;3382;1;1;1;1;0;ubuntu
22:49:21;1;HTTP Request;200;Thread Group 1-74;true;734;1;1;1;1;0;ubuntu
22:49:21;1;HTTP Request;200;Thread Group 1-74;true;3049;1;1;1;1;0;ubuntu
22:49:21;250;HTTP Request;200;Thread Group 1-74;true;17252;1;1;64;1;0;ubuntu
22:49:21;28;HTTP Request;200;Thread Group 1-75;true;6391;1;1;28;1;0;ubuntu
22:49:21;4;HTTP Request;200;Thread Group 1-75;true;183387;1;1;2;1;0;ubuntu
22:49:21;1;HTTP Request;200;Thread Group 1-75;true;6746;1;1;1;1;0;ubuntu
22:49:21;0;HTTP Request;200;Thread Group 1-75;true;3382;1;1;0;1;0;ubuntu
22:49:21;0;HTTP Request;200;Thread Group 1-75;true;734;1;1;0;1;0;ubuntu
22:49:21;1;HTTP Request;200;Thread Group 1-75;true;3049;1;1;1;1;0;ubuntu
22:49:21;245;HTTP Request;200;Thread Group 1-75;true;17253;1;1;61;1;0;ubuntu
22:49:22;31;HTTP Request;200;Thread Group 1-76;true;6391;1;1;31;1;0;ubuntu
22:49:22;5;HTTP Request;200;Thread Group 1-76;true;183387;1;1;3;1;0;ubuntu
22:49:22;2;HTTP Request;200;Thread Group 1-76;true;6746;1;1;2;1;0;ubuntu
22:49:22;1;HTTP Request;200;Thread Group 1-76;true;3382;1;1;1;1;0;ubuntu
22:49:22;1;HTTP Request;200;Thread Group 1-76;true;734;1;1;1;1;0;ubuntu
22:49:22;1;HTTP Request;200;Thread Group 1-76;true;3049;1;1;1;1;0;ubuntu
22:49:22;243;HTTP Request;200;Thread Group 1-76;true;17252;1;1;64;1;0;ubuntu
22:49:23;80;HTTP Request;200;Thread Group 1-77;true;6391;1;1;80;1;0;ubuntu
22:49:23;4;HTTP Request;200;Thread Group 1-77;true;183387;1;1;2;1;0;ubuntu
22:49:23;4;HTTP Request;200;Thread Group 1-77;true;6746;1;1;4;1;0;ubuntu
22:49:23;1;HTTP Request;200;Thread Group 1-77;true;3382;1;1;1;1;0;ubuntu
22:49:23;4;HTTP Request;200;Thread Group 1-77;true;734;1;1;4;1;0;ubuntu
22:49:23;1;HTTP Request;200;Thread Group 1-77;true;3049;1;1;1;1;0;ubuntu
22:49:23;250;HTTP Request;200;Thread Group 1-77;true;17253;1;1;63;1;0;ubuntu
22:49:23;29;HTTP Request;200;Thread Group 1-78;true;6391;1;1;29;1;0;ubuntu
22:49:23;5;HTTP Request;200;Thread Group 1-78;true;183387;1;1;3;1;0;ubuntu
22:49:23;2;HTTP Request;200;Thread Group 1-78;true;6746;1;1;2;1;0;ubuntu
22:49:23;1;HTTP Request;200;Thread Group 1-78;true;3382;1;1;1;1;0;ubuntu
22:49:23;2;HTTP Request;200;Thread Group 1-78;true;734;1;1;2;1;0;ubuntu
22:49:23;1;HTTP Request;200;Thread Group 1-78;true;3049;1;1;1;1;0;ubuntu
22:49:23;241;HTTP Request;200;Thread Group 1-78;true;17252;1;1;65;1;0;ubuntu
22:49:24;30;HTTP Request;200;Thread Group 1-79;true;6391;1;1;30;1;0;ubuntu
22:49:24;5;HTTP Request;200;Thread Group 1-79;true;183387;1;1;2;1;0;ubuntu
22:49:24;1;HTTP Request;200;Thread Group 1-79;true;6746;1;1;1;1;0;ubuntu
22:49:24;1;HTTP Request;200;Thread Group 1-79;true;3382;1;1;1;1;0;ubuntu
22:49:24;1;HTTP Request;200;Thread Group 1-79;true;734;1;1;1;1;0;ubuntu
22:49:24;0;HTTP Request;200;Thread Group 1-79;true;3049;1;1;0;1;0;ubuntu
22:49:24;235;HTTP Request;200;Thread Group 1-79;true;17252;1;1;62;1;0;ubuntu
22:49:24;28;HTTP Request;200;Thread Group 1-80;true;6391;1;1;28;1;0;ubuntu
22:49:24;5;HTTP Request;200;Thread Group 1-80;true;183387;1;1;2;1;0;ubuntu
22:49:24;0;HTTP Request;200;Thread Group 1-80;true;6746;1;1;0;1;0;ubuntu
22:49:24;2;HTTP Request;200;Thread Group 1-80;true;3382;1;1;2;1;0;ubuntu
22:49:24;1;HTTP Request;200;Thread Group 1-80;true;734;1;1;1;1;0;ubuntu
22:49:24;1;HTTP Request;200;Thread Group 1-80;true;3049;1;1;1;1;0;ubuntu
22:49:24;234;HTTP Request;200;Thread Group 1-80;true;17252;1;1;63;1;0;ubuntu
22:49:25;27;HTTP Request;200;Thread Group 1-81;true;6391;1;1;27;1;0;ubuntu
22:49:25;2;HTTP Request;200;Thread Group 1-81;true;183387;1;1;1;1;0;ubuntu
22:49:25;7;HTTP Request;200;Thread Group 1-81;true;6746;1;1;7;1;0;ubuntu
22:49:25;1;HTTP Request;200;Thread Group 1-81;true;3382;1;1;1;1;0;ubuntu
22:49:25;0;HTTP Request;200;Thread Group 1-81;true;734;1;1;0;1;0;ubuntu
22:49:25;1;HTTP Request;200;Thread Group 1-81;true;3049;1;1;1;1;0;ubuntu
22:49:25;245;HTTP Request;200;Thread Group 1-81;true;17253;1;1;64;1;0;ubuntu
22:49:26;27;HTTP Request;200;Thread Group 1-82;true;6391;1;1;27;1;0;ubuntu
22:49:26;5;HTTP Request;200;Thread Group 1-82;true;183387;1;1;2;1;0;ubuntu
22:49:26;1;HTTP Request;200;Thread Group 1-82;true;6746;1;1;1;1;0;ubuntu
22:49:26;1;HTTP Request;200;Thread Group 1-82;true;3382;1;1;1;1;0;ubuntu
22:49:26;0;HTTP Request;200;Thread Group 1-82;true;734;1;1;0;1;0;ubuntu
22:49:26;1;HTTP Request;200;Thread Group 1-82;true;3049;1;1;1;1;0;ubuntu
22:49:26;256;HTTP Request;200;Thread Group 1-82;true;17252;1;1;72;1;0;ubuntu
22:49:26;27;HTTP Request;200;Thread Group 1-83;true;6391;1;1;27;1;0;ubuntu
22:49:26;6;HTTP Request;200;Thread Group 1-83;true;183387;1;1;3;1;0;ubuntu
22:49:26;2;HTTP Request;200;Thread Group 1-83;true;6746;1;1;2;1;0;ubuntu
22:49:26;0;HTTP Request;200;Thread Group 1-83;true;3382;1;1;0;1;0;ubuntu
22:49:26;1;HTTP Request;200;Thread Group 1-83;true;734;1;1;1;1;0;ubuntu
22:49:26;1;HTTP Request;200;Thread Group 1-83;true;3049;1;1;1;1;0;ubuntu
22:49:26;308;HTTP Request;200;Thread Group 1-83;true;17251;1;1;64;1;0;ubuntu
22:49:27;30;HTTP Request;200;Thread Group 1-84;true;6391;1;1;30;1;0;ubuntu
22:49:27;4;HTTP Request;200;Thread Group 1-84;true;183387;1;1;2;1;0;ubuntu
22:49:27;0;HTTP Request;200;Thread Group 1-84;true;6746;1;1;0;1;0;ubuntu
22:49:27;1;HTTP Request;200;Thread Group 1-84;true;3382;1;1;1;1;0;ubuntu
22:49:27;1;HTTP Request;200;Thread Group 1-84;true;734;1;1;1;1;0;ubuntu
22:49:27;1;HTTP Request;200;Thread Group 1-84;true;3049;1;1;1;1;0;ubuntu
22:49:27;228;HTTP Request;200;Thread Group 1-84;true;17252;1;1;63;1;0;ubuntu
22:49:27;35;HTTP Request;200;Thread Group 1-85;true;6391;1;1;35;1;0;ubuntu
22:49:27;4;HTTP Request;200;Thread Group 1-85;true;183387;1;1;2;1;0;ubuntu
22:49:27;1;HTTP Request;200;Thread Group 1-85;true;6746;1;1;1;1;0;ubuntu
22:49:27;1;HTTP Request;200;Thread Group 1-85;true;3382;1;1;1;1;0;ubuntu
22:49:27;1;HTTP Request;200;Thread Group 1-85;true;734;1;1;1;1;0;ubuntu
22:49:27;0;HTTP Request;200;Thread Group 1-85;true;3049;1;1;0;1;0;ubuntu
22:49:27;302;HTTP Request;200;Thread Group 1-85;true;17252;1;1;66;1;0;ubuntu
22:49:28;31;HTTP Request;200;Thread Group 1-86;true;6391;1;1;31;1;0;ubuntu
22:49:28;4;HTTP Request;200;Thread Group 1-86;true;183387;1;1;3;1;0;ubuntu
22:49:28;2;HTTP Request;200;Thread Group 1-86;true;6746;1;1;2;1;0;ubuntu
22:49:28;1;HTTP Request;200;Thread Group 1-86;true;3382;1;1;1;1;0;ubuntu
22:49:28;3;HTTP Request;200;Thread Group 1-86;true;734;1;1;3;1;0;ubuntu
22:49:28;1;HTTP Request;200;Thread Group 1-86;true;3049;1;1;1;1;0;ubuntu
22:49:28;245;HTTP Request;200;Thread Group 1-86;true;17253;1;1;64;1;0;ubuntu
22:49:29;28;HTTP Request;200;Thread Group 1-87;true;6391;1;1;28;1;0;ubuntu
22:49:29;4;HTTP Request;200;Thread Group 1-87;true;183387;1;1;2;1;0;ubuntu
22:49:29;1;HTTP Request;200;Thread Group 1-87;true;6746;1;1;1;1;0;ubuntu
22:49:29;1;HTTP Request;200;Thread Group 1-87;true;3382;1;1;1;1;0;ubuntu
22:49:29;1;HTTP Request;200;Thread Group 1-87;true;734;1;1;1;1;0;ubuntu
22:49:29;1;HTTP Request;200;Thread Group 1-87;true;3049;1;1;1;1;0;ubuntu
22:49:29;306;HTTP Request;200;Thread Group 1-87;true;17253;1;1;65;1;0;ubuntu
22:49:29;30;HTTP Request;200;Thread Group 1-88;true;6391;1;1;30;1;0;ubuntu
22:49:29;7;HTTP Request;200;Thread Group 1-88;true;183387;1;1;4;1;0;ubuntu
22:49:29;1;HTTP Request;200;Thread Group 1-88;true;6746;1;1;1;1;0;ubuntu
22:49:29;1;HTTP Request;200;Thread Group 1-88;true;3382;1;1;1;1;0;ubuntu
22:49:29;1;HTTP Request;200;Thread Group 1-88;true;734;1;1;1;1;0;ubuntu
22:49:29;3;HTTP Request;200;Thread Group 1-88;true;3049;1;1;3;1;0;ubuntu
22:49:29;246;HTTP Request;200;Thread Group 1-88;true;17253;1;1;67;1;0;ubuntu
22:49:30;28;HTTP Request;200;Thread Group 1-89;true;6391;1;1;28;1;0;ubuntu
22:49:30;2;HTTP Request;200;Thread Group 1-89;true;183387;1;1;1;1;0;ubuntu
22:49:30;1;HTTP Request;200;Thread Group 1-89;true;6746;1;1;1;1;0;ubuntu
22:49:30;1;HTTP Request;200;Thread Group 1-89;true;3382;1;1;1;1;0;ubuntu
22:49:30;1;HTTP Request;200;Thread Group 1-89;true;734;1;1;1;1;0;ubuntu
22:49:30;0;HTTP Request;200;Thread Group 1-89;true;3049;1;1;0;1;0;ubuntu
22:49:30;258;HTTP Request;200;Thread Group 1-89;true;17251;1;1;65;1;0;ubuntu
22:49:30;27;HTTP Request;200;Thread Group 1-90;true;6391;1;1;27;1;0;ubuntu
22:49:30;5;HTTP Request;200;Thread Group 1-90;true;183387;1;1;3;1;0;ubuntu
22:49:30;1;HTTP Request;200;Thread Group 1-90;true;6746;1;1;1;1;0;ubuntu
22:49:30;0;HTTP Request;200;Thread Group 1-90;true;3382;1;1;0;1;0;ubuntu
22:49:30;0;HTTP Request;200;Thread Group 1-90;true;734;1;1;0;1;0;ubuntu
22:49:30;1;HTTP Request;200;Thread Group 1-90;true;3049;1;1;1;1;0;ubuntu
22:49:30;270;HTTP Request;200;Thread Group 1-90;true;17252;1;1;90;1;0;ubuntu
22:49:31;33;HTTP Request;200;Thread Group 1-91;true;6391;1;1;33;1;0;ubuntu
22:49:31;4;HTTP Request;200;Thread Group 1-91;true;183387;1;1;2;1;0;ubuntu
22:49:31;1;HTTP Request;200;Thread Group 1-91;true;6746;1;1;1;1;0;ubuntu
22:49:31;1;HTTP Request;200;Thread Group 1-91;true;3382;1;1;1;1;0;ubuntu
22:49:31;1;HTTP Request;200;Thread Group 1-91;true;734;1;1;1;1;0;ubuntu
22:49:31;1;HTTP Request;200;Thread Group 1-91;true;3049;1;1;1;1;0;ubuntu
22:49:31;248;HTTP Request;200;Thread Group 1-91;true;17252;1;1;63;1;0;ubuntu
22:49:32;29;HTTP Request;200;Thread Group 1-92;true;6391;1;1;29;1;0;ubuntu
22:49:32;5;HTTP Request;200;Thread Group 1-92;true;183387;1;1;3;1;0;ubuntu
22:49:32;0;HTTP Request;200;Thread Group 1-92;true;6746;1;1;0;1;0;ubuntu
22:49:32;1;HTTP Request;200;Thread Group 1-92;true;3382;1;1;1;1;0;ubuntu
22:49:32;1;HTTP Request;200;Thread Group 1-92;true;734;1;1;1;1;0;ubuntu
22:49:32;0;HTTP Request;200;Thread Group 1-92;true;3049;1;1;0;1;0;ubuntu
22:49:32;241;HTTP Request;200;Thread Group 1-92;true;17252;1;1;64;1;0;ubuntu
22:49:32;29;HTTP Request;200;Thread Group 1-93;true;6391;1;1;29;1;0;ubuntu
22:49:32;4;HTTP Request;200;Thread Group 1-93;true;183387;1;1;2;1;0;ubuntu
22:49:32;0;HTTP Request;200;Thread Group 1-93;true;6746;1;1;0;1;0;ubuntu
22:49:32;1;HTTP Request;200;Thread Group 1-93;true;3382;1;1;1;1;0;ubuntu
22:49:32;1;HTTP Request;200;Thread Group 1-93;true;734;1;1;1;1;0;ubuntu
22:49:32;1;HTTP Request;200;Thread Group 1-93;true;3049;1;1;1;1;0;ubuntu
22:49:32;235;HTTP Request;200;Thread Group 1-93;true;17253;1;1;62;1;0;ubuntu
22:49:33;28;HTTP Request;200;Thread Group 1-94;true;6391;1;1;28;1;0;ubuntu
22:49:33;3;HTTP Request;200;Thread Group 1-94;true;183387;1;1;1;1;0;ubuntu
22:49:33;0;HTTP Request;200;Thread Group 1-94;true;6746;1;1;0;1;0;ubuntu
22:49:33;0;HTTP Request;200;Thread Group 1-94;true;3382;1;1;0;1;0;ubuntu
22:49:33;2;HTTP Request;200;Thread Group 1-94;true;734;1;1;2;1;0;ubuntu
22:49:33;1;HTTP Request;200;Thread Group 1-94;true;3049;1;1;1;1;0;ubuntu
22:49:33;228;HTTP Request;200;Thread Group 1-94;true;17252;1;1;62;1;0;ubuntu
22:49:33;26;HTTP Request;200;Thread Group 1-95;true;6391;1;1;26;1;0;ubuntu
22:49:33;2;HTTP Request;200;Thread Group 1-95;true;183387;1;1;1;1;0;ubuntu
22:49:34;1;HTTP Request;200;Thread Group 1-95;true;6746;1;1;1;1;0;ubuntu
22:49:34;2;HTTP Request;200;Thread Group 1-95;true;3382;1;1;2;1;0;ubuntu
22:49:34;2;HTTP Request;200;Thread Group 1-95;true;734;1;1;2;1;0;ubuntu
22:49:34;1;HTTP Request;200;Thread Group 1-95;true;3049;1;1;1;1;0;ubuntu
22:49:34;270;HTTP Request;200;Thread Group 1-95;true;17252;1;1;64;1;0;ubuntu
22:49:34;28;HTTP Request;200;Thread Group 1-96;true;6391;1;1;28;1;0;ubuntu
22:49:34;5;HTTP Request;200;Thread Group 1-96;true;183387;1;1;3;1;0;ubuntu
22:49:34;1;HTTP Request;200;Thread Group 1-96;true;6746;1;1;1;1;0;ubuntu
22:49:34;1;HTTP Request;200;Thread Group 1-96;true;3382;1;1;1;1;0;ubuntu
22:49:34;1;HTTP Request;200;Thread Group 1-96;true;734;1;1;1;1;0;ubuntu
22:49:34;1;HTTP Request;200;Thread Group 1-96;true;3049;1;1;1;1;0;ubuntu
22:49:34;249;HTTP Request;200;Thread Group 1-96;true;17249;1;1;63;1;0;ubuntu
22:49:35;26;HTTP Request;200;Thread Group 1-97;true;6391;1;1;26;1;0;ubuntu
22:49:35;4;HTTP Request;200;Thread Group 1-97;true;183387;1;1;2;1;0;ubuntu
22:49:35;1;HTTP Request;200;Thread Group 1-97;true;6746;1;1;1;1;0;ubuntu
22:49:35;1;HTTP Request;200;Thread Group 1-97;true;3382;1;1;1;1;0;ubuntu
22:49:35;0;HTTP Request;200;Thread Group 1-97;true;734;1;1;0;1;0;ubuntu
22:49:35;1;HTTP Request;200;Thread Group 1-97;true;3049;1;1;1;1;0;ubuntu
22:49:35;238;HTTP Request;200;Thread Group 1-97;true;17253;1;1;63;1;0;ubuntu
22:49:35;29;HTTP Request;200;Thread Group 1-98;true;6391;1;1;29;1;0;ubuntu
22:49:35;11;HTTP Request;200;Thread Group 1-98;true;183387;1;1;8;1;0;ubuntu
22:49:35;1;HTTP Request;200;Thread Group 1-98;true;6746;1;1;1;1;0;ubuntu
22:49:35;0;HTTP Request;200;Thread Group 1-98;true;3382;1;1;0;1;0;ubuntu
22:49:35;1;HTTP Request;200;Thread Group 1-98;true;734;1;1;1;1;0;ubuntu
22:49:35;1;HTTP Request;200;Thread Group 1-98;true;3049;1;1;1;1;0;ubuntu
22:49:35;234;HTTP Request;200;Thread Group 1-98;true;17252;1;1;62;1;0;ubuntu
22:49:36;27;HTTP Request;200;Thread Group 1-99;true;6391;1;1;27;1;0;ubuntu
22:49:36;5;HTTP Request;200;Thread Group 1-99;true;183387;1;1;3;1;0;ubuntu
22:49:36;1;HTTP Request;200;Thread Group 1-99;true;6746;1;1;1;1;0;ubuntu
22:49:36;1;HTTP Request;200;Thread Group 1-99;true;3382;1;1;1;1;0;ubuntu
22:49:36;1;HTTP Request;200;Thread Group 1-99;true;734;1;1;1;1;0;ubuntu
22:49:36;0;HTTP Request;200;Thread Group 1-99;true;3049;1;1;0;1;0;ubuntu
22:49:36;249;HTTP Request;200;Thread Group 1-99;true;17252;1;1;65;1;0;ubuntu
22:49:36;27;HTTP Request;200;Thread Group 1-100;true;6391;1;1;27;1;0;ubuntu
22:49:37;3;HTTP Request;200;Thread Group 1-100;true;183387;1;1;1;1;0;ubuntu
22:49:37;1;HTTP Request;200;Thread Group 1-100;true;6746;1;1;1;1;0;ubuntu
22:49:37;0;HTTP Request;200;Thread Group 1-100;true;3382;1;1;0;1;0;ubuntu
22:49:37;1;HTTP Request;200;Thread Group 1-100;true;734;1;1;1;1;0;ubuntu
22:49:37;1;HTTP Request;200;Thread Group 1-100;true;3049;1;1;1;1;0;ubuntu
22:49:37;260;HTTP Request;200;Thread Group 1-100;true;17252;1;1;61;1;0;ubuntu
